{
  "nus": [
    0.01,
    0.3,
    0.5,
    0.8
  ],
  "gammas": [
    5e-05,
    0.001,
    0.01,
    0.1,
    1,
    10
  ],
  "Focus": {
    "acc": {
      "FRR": [
        [
          0.0050514031963166135,
          0.004493808553016696,
          0.00570749468028643,
          0.023315432601581504,
          0.1368212303621313,
          0.19334613883594312
        ],
        [
          0.05984918628540918,
          0.05976959142227548,
          0.0602878725416606,
          0.06420918755177724,
          0.1385174717472888,
          0.1931984985829386
        ],
        [
          0.09851614505193652,
          0.09895490783070153,
          0.09921694555018234,
          0.10095223378463639,
          0.1469498953433918,
          0.1931984985829386
        ],
        [
          0.15976562043711243,
          0.15964066844131414,
          0.15942111767423825,
          0.16072912256448085,
          0.1742589106841165,
          0.19500622326263564
        ]
      ],
      "FAR": [
        [
          0.0898261662816803,
          0.08896335082840054,
          0.07751289108332197,
          0.03685113099921089,
          0.0020174430619801288,
          5.715646582519647e-06
        ],
        [
          0.03098620039848939,
          0.03077210471934365,
          0.029705641611584652,
          0.0233576771237587,
          0.001999684467078324,
          5.821491889603344e-06
        ],
        [
          0.018416003704426354,
          0.018287648878100526,
          0.017611642535635696,
          0.014577798718007242,
          0.0017695363240327216,
          5.821491889603344e-06
        ],
        [
          0.0060864201040432735,
          0.006082831227985632,
          0.005891928561007074,
          0.004823271230237255,
          0.0007903272842309905,
          4.5513482045989775e-06
        ]
      ]
    },
    "gyr": {
      "FRR": [
        [
          0.004834608168723054,
          0.004772078139708604,
          0.005656464345072626,
          0.02225674974843724,
          0.12237943816811674,
          0.19147322203423708
        ],
        [
          0.06330566582346965,
          0.06270578302656497,
          0.06220895577457434,
          0.06349595780190016,
          0.12485826515919829,
          0.19170428287053157
        ],
        [
          0.10182717287420841,
          0.10172636253195344,
          0.1015031380071509,
          0.10339005948670986,
          0.13668305779089204,
          0.1917867297926555
        ],
        [
          0.1614532527752607,
          0.16127503074896862,
          0.16168098425143662,
          0.16179707138745958,
          0.17069062185258085,
          0.19311934507110065
        ]
      ],
      "FAR": [
        [
          0.14063268533801568,
          0.1400419260328536,
          0.13055115535669612,
          0.07559873547238963,
          0.011391613956046275,
          2.2723951697706257e-05
        ],
        [
          0.06482976956252548,
          0.06461482439201083,
          0.0629164082757739,
          0.05337523221890782,
          0.011097543203899595,
          2.2934220748907283e-05
        ],
        [
          0.03871655983117996,
          0.03849505437773675,
          0.03720071567487508,
          0.03282809893349616,
          0.009531577857276721,
          2.3371000117379248e-05
        ],
        [
          0.011856645264103112,
          0.011881411692594159,
          0.011352313453145784,
          0.009831398214982936,
          0.004017644920556056,
          1.7230844826862458e-05
        ]
      ]
    },
    "ges": {
      "FRR": [
        [
          0.0027298357591695813,
          0.0028585435452459056,
          0.003976617542269397,
          0.030050128581624744,
          0.1680386192325364,
          0.1999717499857494
        ],
        [
          0.06019122901400061,
          0.06032544149638604,
          0.06092113706617026,
          0.064783126749342,
          0.16790537273824288,
          0.1999717499857494
        ],
        [
          0.10194129994124428,
          0.10197829426620125,
          0.10177243397287829,
          0.10271778967368499,
          0.16916602431476546,
          0.1999717499857494
        ],
        [
          0.16170827517630484,
          0.16165920455224686,
          0.16204892119525927,
          0.1626460122731445,
          0.1805544508076362,
          0.1999717499857494
        ]
      ],
      "FAR": [
        [
          0.15206757046910693,
          0.1510632000660654,
          0.14063842313049738,
          0.06709115687125278,
          0.0015174553684621792,
          0.0
        ],
        [
          0.056165991918302904,
          0.05591773270807778,
          0.0542125054375687,
          0.040763103303744476,
          0.00150966979287534,
          0.0
        ],
        [
          0.03281426151658182,
          0.03274580100648085,
          0.03188925033157018,
          0.024302827707915548,
          0.0014035845454684677,
          0.0
        ],
        [
          0.010369899296957143,
          0.010342977861673116,
          0.010029690629389552,
          0.007682307724110727,
          0.0007638372641458575,
          0.0
        ]
      ]
    }
  },
  "Mathisis": {
    "acc": {
      "FRR": [
        [
          0.0053008208776231325,
          0.003257699566461508,
          0.005223431263561989,
          0.023592304723126237,
          0.13613926302745155,
          0.1940227830558624
        ],
        [
          0.05900445282753903,
          0.05872622768311608,
          0.05897048739667529,
          0.06249995620502597,
          0.1366025427000183,
          0.19398309731455157
        ],
        [
          0.0989439009322557,
          0.09897946106271295,
          0.09921619709584367,
          0.10390158789087572,
          0.14557663879688218,
          0.19404137237282662
        ],
        [
          0.16117780883463184,
          0.16147656105593963,
          0.16160992747031566,
          0.16173757118138543,
          0.1742960913943821,
          0.1956077114391657
        ]
      ],
      "FAR": [
        [
          0.09359647353095023,
          0.09376392539381452,
          0.08319073008514623,
          0.04387163845300326,
          0.003431266802125922,
          0.0
        ],
        [
          0.04015523503209004,
          0.04000814212125437,
          0.038831013598073505,
          0.028830329476349906,
          0.0034159698234457023,
          0.0
        ],
        [
          0.02343016633273651,
          0.023342360370407125,
          0.022599094589653843,
          0.017964113544377457,
          0.003008421987753128,
          0.0
        ],
        [
          0.006915583926635508,
          0.006907508398175768,
          0.006838442383811602,
          0.0060954754890469,
          0.0014615276518965832,
          0.0
        ]
      ]
    },
    "gyr": {
      "FRR": [
        [
          0.004769892414956081,
          0.004444866723667274,
          0.00627005195724625,
          0.024929884026762193,
          0.11856260098249888,
          0.19367742346483013
        ],
        [
          0.06513517097042582,
          0.06429318007597731,
          0.06568857408057224,
          0.06672701000071742,
          0.11998280039974728,
          0.1935270228612094
        ],
        [
          0.10418304854183215,
          0.10425325318352091,
          0.10430690882311083,
          0.10344644267617666,
          0.1327147844788631,
          0.1935127308914719
        ],
        [
          0.16240810414937637,
          0.16296445205429858,
          0.16298406101428856,
          0.1631924064565383,
          0.16925907300428475,
          0.19421561739205304
        ]
      ],