{"nus": [0.3, 0.35, 0.4, 0.45, 0.5], "gammas": [1e-05, 0.0005, 0.001, 0.05, 0.1], "Focus": {"acc": {"FRR": [[0.061071983346209176, 0.05997467886265704, 0.059769591422275475, 0.06132481889322946, 0.06420918755177724], [0.0700144274032054, 0.06917693649897177, 0.0690289896267041, 0.07047786037727961, 0.0737276832264461], [0.07965428179843712, 0.07831061040676233, 0.07803036956924596, 0.08006592676772317, 0.08237594996578308], [0.08891331979422983, 0.08865840502394672, 0.08851156001765921, 0.08943911545382133, 0.09157927249351122], [0.099336456125588, 0.09896254577375482, 0.09895490783070152, 0.10121507943637972, 0.10095223378463643]], "FAR": [[0.03076616504559302, 0.030848915454546016, 0.03077210471934363, 0.0266073193071534, 0.0233576771237587], [0.027062557592979753, 0.027259619837026, 0.027187423023517187, 0.02365340366169182, 0.020946933091038945], [0.023872298503776406, 0.02394982511589371, 0.023908764797829947, 0.020989960504019106, 0.018830445875434844], [0.02108691520947476, 0.02100634384538799, 0.020968648512862755, 0.01845020946845609, 0.01666800636630311], [0.018116182569649416, 0.01833897262320555, 0.018287648878100523, 0.01608300637255381, 0.014577798718007242]]}, "gyr": {"FRR": [[0.062955369565679, 0.06286138327290935, 0.06270578302656497, 0.06191765189308971, 0.06349595780190018], [0.07343419681826564, 0.07256541984748541, 0.07288516611937734, 0.07157826841971324, 0.07317899816230461], [0.08379365309445533, 0.08297360717131315, 0.08293768324261565, 0.08189230475237753, 0.08216793559572631], [0.09332202665866901, 0.09258395490608387, 0.09263484070649526, 0.09162866052740093, 0.09271165912133321], [0.10114819535026846, 0.10165901577343021, 0.10172636253195343, 0.10268389760820952, 0.10339005948670983]], "FAR": [[0.06493399102917106, 0.06477889895933439, 0.06461482439201081, 0.05812992473845637, 0.053375232218907824], [0.05734643306512584, 0.057103771285639905, 0.05695617474567172, 0.05189804827176019, 0.04794043788069686], [0.05010088183206573, 0.05039513314948186, 0.050293667461145254, 0.045611607141817063, 0.042956610287783636], [0.04360148507363783, 0.04415050968393291, 0.04401464014399271, 0.03997550070162081, 0.0375379238086694], [0.03881630540862948, 0.0385807763136886, 0.03849505437773674, 0.034591542213207545, 0.03282809893349615]]}, "ges": {"FRR": [[0.06071203887392745, 0.06032302298212013, 0.06032544149638603, 0.06365858950632955, 0.06478312674934199], [0.07210111964242921, 0.0716112295557002, 0.07149117955599764, 0.07266139437176243, 0.0742514309003334], [0.08266733755562408, 0.08128932400703068, 0.08120311962434801, 0.08219960252545973, 0.08350932596679408], [0.09167089713208038, 0.09112370496238967, 0.0911531509041298, 0.0926562513631134, 0.09316680141100367], [0.10273245810901453, 0.10198830411787173, 0.10197829426620125, 0.10265310651081633, 0.10271778967368499]], "FAR": [[0.055987483930632215, 0.05601854528905986, 0.055917732708077754, 0.04769241371598088, 0.0407631033037445], [0.04866721583269099, 0.04884358649304862, 0.048765763327699566, 0.0425105649782396, 0.03635231214439306], [0.04226965961495706, 0.04284814924478307, 0.042791050705772715, 0.03743986548934698, 0.032239348813747154], [0.03780765171107793, 0.03763146558470236, 0.03757499300873008, 0.032502606454135004, 0.02829033880566366], [0.03254267373212856, 0.03278630116736589, 0.03274580100648084, 0.028298501748209193, 0.02430282770791555]]}}, "Mathisis": {"acc": {"FRR": [[0.05962939430978067, 0.05880378262711105, 0.058726227683116076, 0.058952259685255554, 0.06249995620502597], [0.06910815533313129, 0.06871937188677026, 0.06850887134956768, 0.06954364839917968, 0.07227926892693416], [0.07856399742440363, 0.07758463572595227, 0.07761854964757806, 0.08022434083071728, 0.08200486894436793], [0.09030470226169034, 0.08827617043763432, 0.08806118272264658, 0.09075114583086716, 0.09226960685311303], [0.10025557847256282, 0.09862498911733195, 0.09897946106271295, 0.10099126706318513, 0.10390158789087574]], "FAR": [[0.03990232558104305, 0.04009571748924065, 0.04000814212125438, 0.03373831266415222, 0.028830329476349913], [0.03525269435857476, 0.03527553056302828, 0.03516655122103718, 0.029963760139284614, 0.02551628007055411], [0.03052020755744985, 0.03101661535414272, 0.03096936786065069, 0.02640241058022972, 0.02307180767362242], [0.026734713001304308, 0.02704430388686058, 0.027021037307721527, 0.02335232977624263, 0.020521390948845166], [0.02261912995501755, 0.02342214465600063, 0.02334236037040712, 0.020394032808182354, 0.01796411354437746]]}, "gyr": {"FRR": [[0.0638036339696092, 0.06430662975620817, 0.0642931800759773, 0.0667316596829069, 0.06672701000071743], [0.07554640807995626, 0.07464831825634692, 0.07441947708262386, 0.0755635553305389, 0.07626089571422587], [0.08513391023671023, 0.08442630139601479, 0.08473962313970931, 0.08373400772044563, 0.08461681314623669], [0.09584701784197557, 0.09454627306076592, 0.09454252344608838, 0.09371498313461325, 0.09373047158182275], [0.10366890801273976, 0.10421873903610068, 0.10425325318352091, 0.10300881964053073, 0.10344644267617666]], "FAR": [[0.06334342245460246, 0.06321601244257857, 0.06304649745012608, 0.05544728048206202, 0.05006977227842957], [0.05537688861901708, 0.056157816958981636, 0.05597805146041462, 0.05051985289851353, 0.04575189030097178], [0.049465095597742974, 0.04986701286069613, 0.049767921960058074, 0.04497155631344517, 0.04147881805350083], [0.04393253826698419, 0.0440050455386204, 0.04391568093714803, 0.03970164308796496, 0.03683366185809112], [0.038186047262903255, 0.038190902309921955, 0.03811790295270642, 0.03483447532073176, 0.0325693164675981]]}, "ges": {"FRR": [[0.06320843481653943, 0.06157879415923729, 0.06155737196837469, 0.06297874618809372, 0.06588266757200346], [0.07341681934406696, 0.07263259148947133, 0.0726677706986433, 0.07315614584681422, 0.07448268078371084], [0.08157639229813295, 0.0808629819564861, 0.08097820365950717, 0.08282908208408013, 0.08372136034563847], [0.09038889876537015, 0.0901805971343426, 0.09021854482149326, 0.09160178492999224, 0.09266564834700527], [0.10104731420213181, 0.10055194427269193, 0.10063262016054632, 0.1006042056234915, 0.10198164188301197]], "FAR": [[0.049781867912969326, 0.0504953641429106, 0.050378189808612396, 0.043308305394781574, 0.03628313702212284], [0.04312160611690716, 0.043502365613143704, 0.04343348588219976, 0.037417984075496874, 0.031955946551066775], [0.03795545076648831, 0.0379670979457313, 0.03790126165243609, 0.03247495108795299, 0.02803882293237723], [0.032904594059417355, 0.032901697014416, 0.03282506718839299, 0.028360859340244935, 0.024238872548841914], [0.0281267860521778, 0.028049236856436562, 0.027995272361998714, 0.024140724222476585, 0.020810842667324313]]}}, "Reacton": {"acc": {"FRR": [[0.05658840658840658, 0.05626535626535627, 0.056097006097006095, 0.05632905632905633, 0.05941395941395942], [0.06544726544726544, 0.06672126672126673, 0.06622986622986622, 0.06733551733551733, 0.06824096824096824], [0.07703612703612704, 0.076007826007826, 0.076007826007826, 0.0766994266994267, 0.07837382837382838], [0.08796523796523796, 0.08722813722813721, 0.0871052871052871, 0.08650923650923653, 0.08816543816543818], [0.09671489671489673, 0.09789789789789789, 0.09777504777504778, 0.09699244699244701, 0.09591864591864593]], "FAR": [[0.04549064191169454, 0.04553360869150343, 0.04544099565152197, 0.039283278125383375, 0.03477417903733693], [0.03996553933396039, 0.03974254011096116, 0.03971954361428046, 0.034406194195667886, 0.031100832890306573], [0.0355036328194223, 0.03567379598958546, 0.03556982783298573, 0.0300548807917229, 0.027277293856241225], [0.031237912185280603, 0.031202701781649148, 0.03113981924508241, 0.026954211480527276, 0.024528360528360528], [0.027905792063686798, 0.02763343284395916, 0.027585272427377686, 0.023997164628743576, 0.021785929470139995]]},