{"nus": [0.01, 0.1, 0.3, 0.5, 0.8], "gammas": [5e-05, 0.001, 0.01, 0.1, 1, 10], "Reacton": {"ges": {"FRR": [[0.07097121913437782, 0.009574922227172825, 0.00650878823894154, 0.009114728215842582, 0.009903072794350347, 0.023807075778741908], [0.04148421352659247, 0.02397435002343411, 0.02630914477006858, 0.022803295318413498, 0.021243439422345613, 0.02318471786727283], [0.06325917645208871, 0.05992078260723745, 0.06210371610431827, 0.06209410380018625, 0.05970806380057305, 0.0618269002344057], [0.09720037740755247, 0.10235144791361894, 0.10524756526343693, 0.10565242022945583, 0.10109292440979614, 0.10129922211721991], [0.15812969572205718, 0.15887003325465082, 0.1491269076725174, 0.16125829345987747, 0.16233880040046655, 0.16163301415613288]], "FAR": [[0.12663248846343564, 0.1834230318748841, 0.1835593685211731, 0.18207802318731098, 0.18085078421161152, 0.17220415091773325], [0.14177144859008387, 0.1578046026554206, 0.15390820128357963, 0.1506622677826609, 0.14807572132195124, 0.14851252284603816], [0.11591610592131504, 0.11777157636702433, 0.11552429004664548, 0.1153307134213323, 0.10903818009256545, 0.10771175703394967], [0.09335092743067229, 0.0903240260969782, 0.08773631833406667, 0.08580207039132315, 0.07505826242357015, 0.0749725237535381], [0.046802061210325284, 0.0444411857953682, 0.05363993098196388, 0.043470987040610254, 0.028440195361643838, 0.02895018218127962]]}}, "Memoria": {"ges": {"FRR": [[0.04251905341365548, 0.0026081052831089914, 0.0023638666271035523, 0.002017765508419711, 0.00479907719866976, 0.05183045210135827], [0.019770440758038705, 0.019668479450495997, 0.020098203074286895, 0.020893613240661822, 0.02030630493545432, 0.04287701911960124], [0.06619186516379781, 0.060091903617854256, 0.057516170167527324, 0.06030140816572327, 0.058190475443368764, 0.06140142810864617], [0.11377824366363984, 0.10141137158695013, 0.10223691934028875, 0.09925756762691505, 0.09770459072902078, 0.0999470040275818], [0.15818930284141608, 0.16260548872895603, 0.16141292555904524, 0.15926893474890153, 0.15755007358915427, 0.15908600653496174]], "FAR": [[0.14853007703183627, 0.18825742762678746, 0.18829218417754928, 0.188446764193834, 0.18499079770100438, 0.1441898256506932], [0.16279286508418717, 0.1630129827670869, 0.16281714433981975, 0.15940013137709028, 0.15602604594166108, 0.1408957227982592], [0.12301911269161012, 0.12488240138813544, 0.12344600206362255, 0.11852781002743051, 0.11273845880074677, 0.10607309236743327], [0.0854037939134776, 0.09347748328710839, 0.0915197697039625, 0.08405787015277535, 0.07704101610187486, 0.07018887214762282], [0.04465010870280493, 0.03798198704011672, 0.039277588775724265, 0.03627431701176009, 0.03191308228726532, 0.026167229377072932]]}}, "Speedy": {"ges": {"FRR": [[0.007982292438640676, 0.002090724292028264, 0.0020118565607538, 0.0025920955830465143, 0.0158739640953249, 0.05357994466983655], [0.02186204626122732, 0.01979968665545077, 0.02080230190821453, 0.02134783194136545, 0.02252998859436315, 0.03705125075976391], [0.06590086114473412, 0.060226359340578274, 0.061775609660955556, 0.06318864087007078, 0.06481488374142072, 0.06498712465064282], [0.10641348044797494, 0.10065804285802067, 0.10266839560154502, 0.1028404029338263, 0.10321890428328984, 0.10187580903283928], [0.15075181228864118, 0.16325866564526242, 0.16210589815854318, 0.16025892202469233, 0.16137868843803932, 0.16086688519977077]], "FAR": [[0.18668628265347761, 0.19255743058383692, 0.19280750952020376, 0.19032869287756612, 0.1788300037791059, 0.1447803849823403], [0.16309444377461174, 0.16284259060858505, 0.161672552596461, 0.15988656302552529, 0.15558860934279423, 0.13971112499543045], [0.1161377856293803, 0.11850322851568303, 0.11530185244695648, 0.1116315486985278, 0.10796158562308862, 0.10814933254071421], [0.07697009008945918, 0.07868988743679042, 0.07660455430095628, 0.07429950462320098, 0.07434345885504934, 0.07278325772886253], [0.04389341406594538, 0.03047377653769433, 0.0300764052985261, 0.030355587122242823, 0.029977453239265834, 0.026581096868648995]]}}}