,FAR,FRR,FRR_Conf,MeanNumOfAttData,NumOfAcceptTL,NumOfOrgUserTstData,NumOfUnlocks
count,220.0,220.0,220.0,220.0,220.0,220.0,220.0
mean,0.31722528313437415,0.3893398996564494,0.08085428000361446,199.8636363636359,4.913636363636364,19.986363636363638,1.4454545454545455
std,0.204840616362374,0.1621029317620773,0.07287569780615664,2.8851743508153613,8.749522906995653,6.073732308836326,1.2318925087748476
min,0.0,0.041666666666666664,0.0,195.23809523809524,2.0,7.0,0.0
25%,0.1414141414141414,0.27507836990595613,0.0,197.8095238095238,2.0,16.0,0.0
50%,0.3148148148148148,0.375,0.067816091954023,200.11904761904762,2.0,19.0,1.0
75%,0.5084175084175084,0.4771428571428571,0.125,201.85714285714286,5.0,24.0,2.0
max,0.7542087542087542,1.0,0.375,205.66666666666666,44.0,30.0,5.0
