,Attacker_Mean_NoD,FAR_max,FAR_mean,FAR_min,FAR_std,FRR_Conf_max,FRR_Conf_mean,FRR_Conf_min,FRR_Conf_std,FRR_max,FRR_mean,FRR_min,FRR_std,NATL_max,NATL_mean,NATL_min,NATL_std,NU_max,NU_mean,NU_min,NU_std,OrgUser_NoD
count,22.0,22.0,22.0,22.0,22.0,22.0,22.0,22.0,22.0,22.0,22.0,22.0,22.0,22.0,22.0,22.0,22.0,22.0,22.0,22.0,22.0,22.0
mean,312.2272727272727,0.6297764206773095,0.16187805149823123,0.00597815040299108,0.16073422405224427,0.009802795174394217,0.00107699131627888,0.0,0.0030375503511577227,0.12671137128180956,0.05700288319269611,0.005623095254545671,0.039106233257367,80.4090909090909,7.741341991341991,2.0,13.703314094241069,0.2727272727272727,0.031818181818181815,0.0,0.08636363636363638,312.22727272727275
std,6.64378860037386,0.244293974549534,0.13810233838419902,0.023669975681375705,0.06700605791859601,0.018033740331988152,0.0019210481982968803,0.0,0.005492966993593173,0.062131755794626015,0.030521428203017075,0.012637867333463606,0.018672674880473982,85.2121493075394,7.427921273130914,0.0,15.040317130525784,0.4558423058385518,0.05679003631895498,0.0,0.14571810537392477,139.51956060785093
min,290.04761904761904,0.17737789203084833,0.01783847360703264,0.0,0.03923874435910275,0.0,0.0,0.0,0.0,0.0,0.0,0.0,0.0,2.0,2.0,2.0,0.0,0.0,0.0,0.0,0.0,191.0
25%,312.1071428571429,0.4669814055976496,0.06880064323822255,0.0,0.11646638976738775,0.0,0.0,0.0,0.0,0.09412202380952381,0.041341991341991347,0.0,0.028366077035748907,20.25,2.9976190476190476,2.0,3.2240010499791367,0.0,0.0,0.0,0.0,232.5
50%,315.04761904761904,0.6025417281961785,0.12555231465518757,0.0,0.1564074752291055,0.0,0.0,0.0,0.0,0.1229576874738165,0.05593466223698783,0.0,0.036132819623572184,41.0,3.7904761904761903,2.0,6.612021267287389,0.0,0.0,0.0,0.0,253.0
75%,316.0238095238095,0.8445246830897055,0.18643991548758654,0.0,0.2178858659290854,0.009615384615384616,0.0009615384615384616,0.0,0.002884615384615384,0.16,0.08033949921046694,0.0,0.04804850586611202,96.25,10.670238095238094,2.0,20.614622847001534,0.75,0.07500000000000001,0.0,0.22500000000000003,314.75
max,318.0,0.9910313901345291,0.5075162676395535,0.10993657505285412,0.28359463851750344,0.05263157894736842,0.005263157894736842,0.0,0.015789473684210527,0.2727272727272727,0.10597826086956522,0.0425531914893617,0.08201581027667984,249.0,26.766666666666666,2.0,49.888330855577394,1.0,0.2,0.0,0.4000000000000001,778.0
