,FAR,FRR,FRR_Conf,MeanNumOfAttData,NumOfAcceptTL,NumOfOrgUserTstData,NumOfUnlocks
count,240.0,240.0,240.0,240.0,240.0,240.0,240.0
mean,0.14124881335372622,0.08378133334924134,0.0017420026759107222,294.45833333333314,6.520833333333333,29.445833333333333,0.041666666666666664
std,0.10990448134598317,0.06552530866717007,0.009650887122608677,5.428742929902655,8.161522089493735,12.493897394568172,0.22014956244921968
min,0.0,0.0,0.0,274.82608695652175,2.0,19.0,0.0
25%,0.05653710247349823,0.04,0.0,293.67391304347825,2.0,21.0,0.0
50%,0.10070671378091872,0.07019704433497537,0.0,295.7608695652174,4.0,26.0,0.0
75%,0.22614840989399293,0.11653846153846154,0.0,298.1630434782609,8.0,31.25,0.0
max,0.6925795053003534,0.3,0.1,298.8695652173913,46.0,75.0,2.0
