,Attacker_Mean_NoD,FAR_max,FAR_mean,FAR_min,FAR_std,FRR_Conf_max,FRR_Conf_mean,FRR_Conf_min,FRR_Conf_std,FRR_max,FRR_mean,FRR_min,FRR_std,NATL_max,NATL_mean,NATL_min,NATL_std,NU_max,NU_mean,NU_min,NU_std,OrgUser_NoD
count,24.0,24.0,24.0,24.0,24.0,24.0,24.0,24.0,24.0,24.0,24.0,24.0,24.0,24.0,24.0,24.0,24.0,24.0,24.0,24.0,24.0,24.0
mean,308.9583333333333,0.6225488686011215,0.1977878418521641,0.013808064191368744,0.15688375351431655,0.008626805985552115,0.0010710139318885448,0.0,0.0027857615840384156,0.15849262253192306,0.0714746970832711,0.011278142977621156,0.04655135620485528,79.70833333333333,8.065217391304348,2.0,13.761737346395345,0.20833333333333334,0.025000000000000005,0.0,0.06666666666666668,308.9583333333333
std,5.273617624377135,0.20246391464379562,0.14647708532072276,0.037508564075299386,0.05358814748553102,0.01768840749281476,0.002466518854848907,0.0,0.0058774785672044035,0.07236121491119758,0.03361414575003596,0.01953119161507969,0.020632383056709495,96.28557125490848,7.7709509164454404,0.0,18.025828007853757,0.41485111699905336,0.0531609533071195,0.0,0.13405601251996735,121.29320536067411
min,292.1304347826087,0.17263843648208468,0.021444646112921035,0.0,0.038539597370689606,0.0,0.0,0.0,0.0,0.047619047619047616,0.009523809523809523,0.0,0.019047619047619046,4.0,2.026086956521739,2.0,0.2269215365339111,0.0,0.0,0.0,0.0,193.0
25%,307.69565217391306,0.5215691785599034,0.09851194617049731,0.0,0.13652866269835112,0.0,0.0,0.0,0.0,0.10072416063199474,0.04865412365412365,0.0,0.031585985418292536,25.25,3.570652173913044,2.0,5.3735076260323655,0.0,0.0,0.0,0.0,231.0
50%,310.7608695652174,0.61265664160401,0.1604520998748032,0.0,0.16153679994298248,0.0,0.0,0.0,0.0,0.15268065268065267,0.07066109253065775,0.0,0.04272577500784661,55.0,5.058695652173913,2.0,7.781535652545008,0.0,0.0,0.0,0.0,267.5
75%,312.3478260869565,0.7344947735191638,0.235657287576818,0.0,0.1888337127231603,0.0,0.0,0.0,0.0,0.19423076923076926,0.09082771030139453,0.019705882352941177,0.061642916706530694,85.0,10.080434782608696,2.0,14.717861122618483,0.0,0.0,0.0,0.0,338.0
max,314.0,0.9933481152993349,0.5555228031882419,0.12312312312312312,0.29146243794241805,0.05263157894736842,0.010263157894736842,0.0,0.020534748605157267,0.3333333333333333,0.14293478260869563,0.05714285714285714,0.10541688303660633,451.0,30.14782608695652,2.0,87.0483367449184,1.0,0.2,0.0,0.4000000000000001,696.0
