,FAR,FRR,FRR_Conf,MeanNumOfAttData,NumOfAcceptTL,NumOfOrgUserTstData,NumOfUnlocks
count,240.0,240.0,240.0,240.0,240.0,240.0,240.0
mean,0.044809218559218496,0.3548956947785984,0.07319448912015233,171.95833333333348,4.291666666666667,17.195833333333333,1.05
std,0.067795930696997,0.1770517100345757,0.07833380194262832,2.3205920576672505,4.251302204308357,5.353525344319699,1.0008364702424484
min,0.0,0.0,0.0,166.95652173913044,2.0,7.0,0.0
25%,0.0,0.21428571428571427,0.0,170.7934782608696,2.0,12.75,0.0
50%,0.011428571428571429,0.3333333333333333,0.05263157894736842,171.69565217391306,2.0,18.0,1.0
75%,0.06857142857142857,0.45454545454545453,0.1111111111111111,173.90217391304347,5.0,20.0,2.0
max,0.3028571428571429,1.0,0.42857142857142855,176.04347826086956,16.0,29.0,6.0
