,FAR,FRR,FRR_Conf,MeanNumOfAttData,NumOfAcceptTL,NumOfOrgUserTstData,NumOfUnlocks
count,240.0,240.0,240.0,240.0,240.0,240.0,240.0
mean,0.183370473445097,0.07147469708327102,0.0010710139318885448,308.9583333333336,9.583333333333334,30.895833333333332,0.025
std,0.2270854174751281,0.06060629133341211,0.0068477343245342236,5.173370766143213,19.71452465991123,11.906960770231063,0.1564512302530691
min,0.0,0.0,0.0,292.1304347826087,2.0,19.0,0.0
25%,0.0,0.02888198757763975,0.0,307.69565217391306,2.0,22.75,0.0
50%,0.04946996466431095,0.06060606060606061,0.0,310.7608695652174,2.0,27.0,0.0
75%,0.3690719732192672,0.10390199637023594,0.0,312.3478260869565,2.0,34.25,0.0
max,0.7985865724381626,0.3333333333333333,0.05263157894736842,314.0,85.0,70.0,1.0
