,FAR,FRR,FRR_Conf,MeanNumOfAttData,NumOfAcceptTL,NumOfOrgUserTstData,NumOfUnlocks
count,240.0,240.0,240.0,240.0,240.0,240.0,240.0
mean,0.08933791208791206,0.4162827061988602,0.09837353680643951,180.37500000000009,5.358333333333333,18.0375,1.4916666666666667
std,0.08719687092158443,0.17718434640122674,0.08571442674591678,2.675655481177784,5.509665654161026,6.167353141330119,1.1461840150576967
min,0.0,0.03571428571428571,0.0,175.7391304347826,2.0,7.0,0.0
25%,0.022857142857142857,0.2951388888888889,0.03571428571428571,177.75,2.0,12.75,1.0
50%,0.06285714285714286,0.4,0.08333333333333333,180.47826086956522,2.0,18.0,1.0
75%,0.14285714285714285,0.5426136363636364,0.15384615384615385,182.68478260869563,8.0,24.0,2.0
max,0.37142857142857144,1.0,0.42857142857142855,184.82608695652175,21.0,29.0,6.0
